title,location,date_posted,segment,subject
Looking for a Guitar Tutor,"All Areas, Doha",26/11/21,Music,Guitar
Looking for a Piano Tutor,"All Areas, Doha",26/11/21,Music,Piano
Looking for a Mathematics Tutor,"All Areas, Doha",26/11/21,Elementary Stage,Mathematics
Urgently Looking for a Tutor for PHP and MySQL,"Al Hilal, Doha",26/11/21,Computer / IT,PHP And MySQL
Urgently Looking for a Tutor for PHP and MySQL,"Al Hilal, Doha",26/11/21,Computer / IT,"MS Access, SQL"
Looking for a Tutor for Yoga and Pilates,"All Areas, Doha",26/11/21,Sports / Fitness Training,Yoga and Pilates
Need a Yoga Instructor,", Doha",26/11/21,Sports / Fitness Training,Yoga and Pilates
Searching for a Tutor to learn IELTS,"Abu Hamour, Doha",25/11/21,GMAT/GRE/TOEFL/IELTS/SAT,IELTS
Looking for a French Tutor,"Doha, Doha",25/11/21,Language,French
Searching for an Anatomy Tutor,"All Areas, Doha",25/11/21,UNIVERSITY,Anatomy
Want a Mathematics Tutor,"All Areas, Doha",25/11/21,Secondary Stage,Mathematics
Want a Mathematics Tutor,"All Areas, Doha",25/11/21,Elementary Stage,Mathematics
Searching for an Arabic Tutor,"All Areas, Doha",25/11/21,Language,Arabic
Need a Tutor for Database Management,"Doha, Doha",25/11/21,Computer / IT,DBMS & RDBMS
Searching for a Business Studies Tutor,"Al Dafna, Doha",25/11/21,UNIVERSITY,Business Studies
Looking for a Tutor for Assignment,"All Areas, Doha",25/11/21,MBA / Business Training,Project Management
Searching for a Tutor to learn Violin,"Mesaimeer Road, Doha",24/11/21,Music,Violin
Want a C language Tutor,"Al Dafna, Doha",24/11/21,Computer / IT,"C, C++"
Seeking a JAVA Tutor,"Al Dafna, Doha",24/11/21,Computer / IT,JAVA Technology
Looking for a Finance Tutor,"All Areas, Doha",24/11/21,Secondary Stage,Finance
Looking for a French Tutor,"West Bay, Doha",24/11/21,Elementary Stage,French
Looking for an English Tutor,"West Bay, Doha",24/11/21,Elementary Stage,English
Looking for a Good Tutor to get prepared for IELTS,"Abu Hamour, Doha",24/11/21,GMAT/GRE/TOEFL/IELTS/SAT,English
Looking for a Good Tutor to get prepared for IELTS,"Abu Hamour, Doha",24/11/21,GMAT/GRE/TOEFL/IELTS/SAT,IELTS
Searching for a Tutor to learn Computer science/IT,"Al Dafna, Doha",24/11/21,UNIVERSITY,computer science/IT
Searching for a Tutor to learn English,"All Areas, Doha",23/11/21,Elementary Stage,English
Searching for a Tutor to learn Biology,"Al Dafna, Doha",23/11/21,Higher Education,Biology
Seeking an English Tutor,"New Salata, Doha",23/11/21,Secondary Stage,English
Looking for a Business Studies Tutor,"New Salata, Doha",23/11/21,Secondary Stage,Business Studies
Looking for a Mathematics Tutor,"New Salata, Doha",23/11/21,Secondary Stage,Mathematics
Need a Tutor for Beauty Specialist Diploma Course,"All Areas, Doha",23/11/21,Arts / Photography / Other Hobbies,Beautician Courses
Need a Lady Swimming Coach,"Zone 54, Doha",23/11/21,Sports / Fitness Training,Swimming
Seeking an English Tutor,"Doha, Doha",23/11/21,Secondary Stage,English
Looking for a MATLAB Tutor,"Madinat Khalifa, Doha",23/11/21,Computer / IT,MATLAB
Looking for a Good Tutor to get prepared for IELTS,"All Areas, Doha",23/11/21,GMAT/GRE/TOEFL/IELTS/SAT,English
Looking for a Good Tutor to get prepared for IELTS,"All Areas, Doha",23/11/21,GMAT/GRE/TOEFL/IELTS/SAT,IELTS
Seeking a Lady  English Tutor,"Waab, Doha, Doha",23/11/21,Preparatory Stage,English
Looking for an Arabic Tutor,"All Areas, Doha",23/11/21,Secondary Stage,Arabic
Seeking a SQL Tutor,"All Areas, Doha",23/11/21,Computer / IT,"MS Access, SQL"
Seeking an Arabic Tutor,"Al Waab, Doha",23/11/21,Secondary Stage,Arabic
Looking for a Tutor for Carnatic Music,"All Areas, Doha",23/11/21,Music,Indian Music
Need a Tutor to Learn MATHS,"All Areas, Doha",23/11/21,Early Childhood,MATHS
Need a Tutor to Learn English,"All Areas, Doha",23/11/21,Early Childhood,English
Looking for a Good Tutor to get prepared for DELF,"All Areas, Doha",23/11/21,Elementary Stage,English
Seeking an English Tutor,"Althmuma, Doha",23/11/21,Elementary Stage,English
Searching for a Tutor to learn MATHS,"Al Dafna, Doha",22/11/21,Higher Education,MATHS
Searching for a Tutor to learn MongoDB,"All Areas, Doha",22/11/21,Computer / IT,MongoDB
Searching for a Statistics Tutor,"Old Airport, Doha",22/11/21,Secondary Stage,Statistics
Looking for a Statistics Tutor,"Old Airport, Doha",22/11/21,Secondary Stage,Statistics
Looking for a Guitar Tutor,"All Areas, Doha",22/11/21,Music,Guitar
Searching for an English Tutor,"Doha City, Doha",22/11/21,Secondary Stage,English
Need a Statistics Tutor,"All Areas, Doha",22/11/21,UNIVERSITY,Statistics
Need a MATHS Tutor,"All Areas, Doha",22/11/21,UNIVERSITY,MATHS
Searching for a MATLAB Tutor,"Madinat Khalifa, Doha",22/11/21,Computer / IT,MATLAB
Need a Tutor for Network Security,"All Areas, Doha",22/11/21,Computer / IT,Networking
Want a Python Tutor,"Doha City, Doha",22/11/21,Computer / IT,Python Programming
Require a Java Tutor,"Doha City, Doha",22/11/21,Computer / IT,JAVA Technology
Require a Chess Coach,"All Areas, Doha",22/11/21,Sports / Fitness Training,Chess
Seeking a Good Tutor to get prepared for IELTS,"All Areas, Doha",22/11/21,GMAT/GRE/TOEFL/IELTS/SAT,IELTS
Seeking a Good Tutor to get prepared for IELTS,"All Areas, Doha",22/11/21,GMAT/GRE/TOEFL/IELTS/SAT,English
Searching for a Tutor to learn English,", Doha",21/11/21,Secondary Stage,English
Looking for a Guitar Tutor,"All Areas, Doha",21/11/21,Music,Guitar
Require an AutoCAD Tutor,"All Areas, Doha",21/11/21,Computer / IT,AutoCAD Training
Seeking a Tutor for DJ Training,"All Areas, Doha",21/11/21,Music,DJ Training
Looking for a Mathematics Tutor,"All Areas, Doha",21/11/21,Secondary Stage,Mathematics
Want a Managerial Economics Tutor,"All Areas, Doha",21/11/21,UNIVERSITY,Economics
Seeking an Arabic Tutor,"All Areas, Doha",21/11/21,Preparatory Stage,Arabic
Need a Tutor for Tendering Process,"All Areas, Doha",21/11/21,MBA / Business Training,Finance
Looking for a Good Tutor to get prepared for IELTS,"All Areas, Doha",20/11/21,Language,English
Looking for a Good Tutor to get prepared for IELTS,"All Areas, Doha",20/11/21,GMAT/GRE/TOEFL/IELTS/SAT,IELTS
Seeking a Piano Tutor,"All Areas, Doha",20/11/21,Music,Piano
Seeking a Russian Tutor,"All Areas, Doha",20/11/21,Language,Russian
Seeking a C++ Tutor,"Abu Hamour, Doha",20/11/21,Computer / IT,"C, C++"
Urgent Looking for a Chemistry Tutor,"All Areas, Doha",20/11/21,Secondary Stage,Chemistry
Searching for a Tutor to learn Computer / IT,"Abu Hamour, Doha",20/11/21,Engineering Subjects,Computer / IT
Searching for a Tutor to learn Programming Technology,"Abu Hamour, Doha",20/11/21,Computer / IT,Programming Technology
Seeking a Business Studies Tutor,"Fereej Kulaib, Doha",19/11/21,UNIVERSITY,Business Studies
Looking for a Mathematics Tutor,"All Areas, Doha",19/11/21,Preparatory Stage,Mathematics
Looking for a Law Tutor,"Bin Omran, Doha",19/11/21,UNIVERSITY,Law
Require a Piano Tutor,"All Areas, Doha",19/11/21,Music,Piano
Require a Violin Tutor,"All Areas, Doha",19/11/21,Music,Violin
Looking for a Science Tutor,"Doha City, Doha",19/11/21,Preparatory Stage,Sciences
Looking for a C Language Tutor,"Madinat Khalifa, Doha",19/11/21,Computer / IT,"C, C++"
Looking for a Good Tutor to get prepared for IELTS,"Al Rayyan, Qatar, Doha",19/11/21,Language,English
Looking for a Good Tutor to get prepared for IELTS,"Al Rayyan, Qatar, Doha",19/11/21,GMAT/GRE/TOEFL/IELTS/SAT,IELTS
Searching for a Tutor to learn Coding & Programming,"Madinat Khalifa, Doha",18/11/21,Stem Classes,Coding & Programming
Require an Advanced Excel Tutor,"Old Airport, Doha",18/11/21,Computer / IT,Advanced Excel
Need a Tutor to Learn Arabic,"Matar Qadeem, Doha",18/11/21,Language,Arabic
Need a Tutor to Learn English,"Matar Qadeem, Doha",18/11/21,Language,English
Need a Tutor for Electrical Engineering,"All Areas, Doha",18/11/21,Engineering Subjects,Electrical
Want a Violin Tutor,"All Areas, Doha",18/11/21,Music,Violin
Seeking an Arabic Tutor,"All Areas, Doha",18/11/21,Secondary Stage,Arabic
Looking for a French Tutor,"All Areas, Doha",18/11/21,Elementary Stage,French
Seeking an Arabic Tutor,"All Areas, Doha",18/11/21,Elementary Stage,Arabic
Searching for a Tutor to learn Electronics,"Doha City, Doha",17/11/21,Engineering Subjects,Electronics
Looking for a Networking Tutor,"All Areas, Doha",17/11/21,Computer / IT,Networking
Looking for a Coding and Programming Tutor,"All Areas, Doha",17/11/21,Stem Classes,Coding & Programming
Looking for a Tutor for English As A Second Language,"Doha City, Doha",17/11/21,Secondary Stage,English
Seeking a Drums Tutor,"All Areas, Doha",17/11/21,Music,Drums
Looking for a Keyboard Tutor,"Al Mamoura, Doha",17/11/21,Music,Keyboard
Require a Chemistry Tutor,"All Areas, Doha",17/11/21,Secondary Stage,Chemistry
Looking for a Chemistry Tutor,"Abu Hamour, Doha",17/11/21,Secondary Stage,Chemistry
Looking for a Science Tutor,"Mesaimeer Road, Doha",17/11/21,Preparatory Stage,Sciences
Seeking an Arabic Tutor,"Al Rayyan, Doha",17/11/21,Elementary Stage,Arabic
Looking for an Islamic Tutor,"Al Rayyan, Doha",17/11/21,Elementary Stage,Islamic Studies
Require a Mathematics Tutor,"Al Rayyan, Doha",17/11/21,Elementary Stage,Mathematics
Seeking an English Tutor,"Al Rayyan, Doha",17/11/21,Elementary Stage,English
Searching for a Tutor to learn MATHS,"Al Gharafa, Doha",17/11/21,UNIVERSITY,MATHS
Searching for a Tutor to learn French,"Al Gharafa, Doha",16/11/21,Secondary Stage,French
Searching for a Tutor to learn Business Finance,"Al Thumama, Doha",16/11/21,UNIVERSITY,Business Finance
Searching for a Tutor to learn Mental Maths,"All Areas, Doha",16/11/21,Elementary Stage,Mental Maths
Searching for a Tutor to learn Physics,"Al Matar Al Qadeem, Doha",16/11/21,Secondary Stage,Physics
Searching for a Tutor to learn Mathematics,"Al Matar Al Qadeem, Doha",16/11/21,Secondary Stage,Mathematics
Looking for a Good Tutor to get prepared for SAT,"All Areas, Doha",16/11/21,GMAT/GRE/TOEFL/IELTS/SAT,SAT
Need a Tutor to Learn Drums,"All Areas, Doha",16/11/21,Music,Drums
Need a Tutor to Learn Guitar,"All Areas, Doha",16/11/21,Music,Guitar
Seeking a Chess Tutor,"Madinat Khalifa, Doha",16/11/21,Sports / Fitness Training,Chess
Seeking a Chess Coach,"Madinat Khalifa, Doha",16/11/21,Sports / Fitness Training,Chess
Looking for a Tutor for Economics Assignments,"All Areas, Doha",16/11/21,Secondary Stage,Economics
Need a Mathematics Tutor,"All Areas, Doha",16/11/21,Secondary Stage,Mathematics
Seeking an English Tutor,"Doha City, Doha",16/11/21,Secondary Stage,English
Require a Italian Language Tutor,"All Areas, Doha",16/11/21,Language,Italian
Require a Mathematics Tutor,"Al Thumama, Doha",16/11/21,UNIVERSITY,MATHS
Seeking an English Tutor,", Doha",16/11/21,Elementary Stage,English
Looking for a German Language Tutor,"All Areas, Doha",16/11/21,Language,German
Looking for a French Tutor,"All Areas, Doha",15/11/21,Language,French
Need a Chemistry Tutor,"All Areas, Doha",15/11/21,Secondary Stage,Chemistry
Searching for a Science Tutor,"All Areas, Doha",15/11/21,Preparatory Stage,Sciences
Seeking a Good Tutor to get prepared for SAT,"Bani Hajer, Ar-Rayyan, Doha",15/11/21,GMAT/GRE/TOEFL/IELTS/SAT,SAT
Looking for a Tutor for Customer Service,"All Areas, Doha",15/11/21,MBA / Business Training,Customer Service
Looking for a Russian Language Tutor,"All Areas, Doha",15/11/21,Language,Russian
Searching for a Mathematics Tutor,"All Areas, Doha",15/11/21,Elementary Stage,Mathematics
Looking for a Molecular Biology Tutor,"Doha, Doha",15/11/21,UNIVERSITY,Biology
Want a Guitar Tutor,", Doha",15/11/21,Music,Guitar
Looking for a Violin Tutor,"All Areas, Doha",15/11/21,Music,Violin
Want a Physics Tutor,"All Areas, Doha",15/11/21,Secondary Stage,Physics
Want a Chemistry Tutor,"All Areas, Doha",15/11/21,Secondary Stage,Chemistry
Searching for a Biology Tutor,"All Areas, Doha",15/11/21,Secondary Stage,Biology
Searching for a Mathematics Tutor,"All Areas, Doha",15/11/21,Secondary Stage,Mathematics
Need a Mathematics Tutor,"All Areas, Doha",15/11/21,Elementary Stage,Mathematics
Searching for a Biology Tutor,"Al Dafna, Doha",15/11/21,Secondary Stage,Biology
Looking for an English Tutor,"Al Rayyan, Doha",15/11/21,Elementary Stage,English
Seeking an English Tutor,"Qatar Airways Residence, Doha",15/11/21,UNIVERSITY,English
Seeking a Good Tutor to get prepared for GRE,"Al Duhail, Doha",15/11/21,GMAT/GRE/TOEFL/IELTS/SAT,GRE
Searching for a Tutor to learn Science,"Madinat Khalifa, Doha",14/11/21,Elementary Stage,Science
Searching for a Tutor to learn Biology,"Al Dafna, Doha",14/11/21,Higher Education,Biology
Searching for a Tutor to learn Business Finance,"Al Thumama, Doha",14/11/21,UNIVERSITY,Business Finance
Looking for a Mathematics Tutor,"All Areas, Doha",13/11/21,Secondary Stage,Mathematics
Looking for a Spanish Language Tutor,"All Areas, Doha",13/11/21,Language,Spanish
Seeking a Mathematics Tutor,"All Areas, Doha",13/11/21,Preparatory Stage,Mathematics
Looking for a Chemistry Tutor,"Doha, Doha",13/11/21,Secondary Stage,Chemistry
Looking for a Statistics Tutor,"Al Thumama, Doha",13/11/21,UNIVERSITY,Statistics
Looking for a Mathematics Tutor,"Al Thumama, Doha",13/11/21,UNIVERSITY,MATHS
Looking for a  C language Tutor,"Al Gharafa, Doha",13/11/21,Computer / IT,"C, C++"
Seeking a Tutor for Computer Programming and Algorithms,"Al Gharafa, Doha",13/11/21,UNIVERSITY,computer science/IT
Looking for a Statistics Tutor,"All Areas, Doha",13/11/21,UNIVERSITY,Statistics
Need a Tutor for Cyber Security,", Doha",13/11/21,Computer / IT,Cyber Security
Need a Tutor for Fundamentals of Programming,"Al Rayyan, Doha",13/11/21,Computer / IT,Programming Technology
Looking for a Violin Tutor,"All Areas, Doha",13/11/21,Music,Violin
Looking for a Python Programming Tutor,"All Areas, Doha",12/11/21,Computer / IT,Python Programming
Looking for a Linux and UNIX Tutor,"Al Thumama, Doha",12/11/21,Computer / IT,"Linux, UNIX"
Need an English Tutor,"Waab, Doha",12/11/21,Elementary Stage,English
Looking for a English Tutor,"West Bay, Doha",12/11/21,Elementary Stage,English
Need a Choreographer,"All Areas, Doha",12/11/21,Dance,Modern Bollywood Dance
Need a Choreographer,"All Areas, Doha",12/11/21,Dance,Western Dance
Need a Choreographer,"All Areas, Doha",12/11/21,Dance,Hip Hop Dancing
Looking for a Tutor to draw human character anatomy and faces,"All Areas, Doha",12/11/21,Arts / Photography / Other Hobbies,Drawing
Need a Tutor for Civil Engineering,"All Areas, Doha",12/11/21,Engineering Subjects,Civil
Looking for a Russian language Tutor,"All Areas, Doha",11/11/21,Language,Russian
Looking for a PHP And MySQL Tutor,"All Areas, Doha",11/11/21,Computer / IT,PHP And MySQL
Looking for a Mandarin Language Tutor,"All Areas, Doha",11/11/21,Language,Mandarin
Want a Violin Tutor,"All Areas, Doha",11/11/21,Music,Violin
Need a Business Studies Tutor,"Al Thumama, Doha",11/11/21,UNIVERSITY,Business Studies
Need a Finance Tutor,"Al Thumama, Doha",11/11/21,UNIVERSITY,Finance
Looking for a French Tutor,"Al Gharafa, Doha",11/11/21,Language,French
Searching for a Mathematics Tutor,"All Areas, Doha",11/11/21,Secondary Stage,Mathematics
Looking for a Interior Design Tutor,"All Areas, Doha",11/11/21,Arts / Photography / Other Hobbies,Interior Design
Searching for a Table Tennis Coach,"All Areas, Doha",11/11/21,Sports / Fitness Training,Table Tennis
Want a Tutor for Russian Basic Language,"All Areas, Doha",11/11/21,Language,Russian
Looking for a Spoken Arabic Tutor,"All Areas, Doha",11/11/21,Language,Arabic
Looking for an Accountancy Tutor,"Barwa Village, Doha, Doha",11/11/21,Secondary Stage,ACCOUNTS
Searching for a Tutor to learn English,"Abu Hamour, Doha",10/11/21,Secondary Stage,English
Looking for a Mathematics Tutor,"Ain Khalid, Doha",10/11/21,Secondary Stage,Mathematics
Looking for a Mathematics Tutor,"Abu Hamour, Doha",10/11/21,Higher Education,MATHS
Looking for a Football Coach,"All Areas, Doha",10/11/21,Sports / Fitness Training,Football
Looking for a Mathematics Tutor,"Al Waab, Doha",10/11/21,Secondary Stage,Mathematics
Need a Tutor for LAW,"Dukhan, Doha",10/11/21,UNIVERSITY,Law
Seeking an English Tutor,"Abu Hamour, Doha",09/11/21,Secondary Stage,English
Looking for a Swimming Coach,"All Areas, Doha",09/11/21,Sports / Fitness Training,Swimming
Looking for an English Tutor,"Doha City, Doha",09/11/21,UNIVERSITY,English
Require a Mathematics Tutor,"All Areas, Doha",09/11/21,Secondary Stage,Mathematics
Require a Physics Tutor,"All Areas, Doha",09/11/21,Secondary Stage,Physics
Looking for a Statistics Tutor,"All Areas, Doha",09/11/21,UNIVERSITY,Statistics
Looking for an Arabic Language Tutor,"All Areas, Doha",09/11/21,Language,Arabic
Searching for a Tutor to learn English,"Abu Hamour, Doha",08/11/21,Early Childhood,English
Searching for a Tutor to learn Medical,"Abu Hamour, Doha",08/11/21,Higher Education,Medical
Want a Chemistry Tutor,"All Areas, Doha",08/11/21,Secondary Stage,Chemistry
Looking for a Biology Tutor,"All Areas, Doha",08/11/21,Secondary Stage,Biology
Want a Physics Tutor,"All Areas, Doha",08/11/21,Secondary Stage,Physics
Need a Tutor for Social Studies,"All Areas, Doha",08/11/21,Elementary Stage,Social Studies
Need a Tutor for Mathematics,"All Areas, Doha",08/11/21,Elementary Stage,Mathematics
Need a Tutor for Science,"All Areas, Doha",08/11/21,Elementary Stage,Science
Need a Tutor for English,"All Areas, Doha",08/11/21,Elementary Stage,English
Looking for a Spanish Language Tutor,"Al Dafna, Doha",08/11/21,Language,Spanish
Want a Physics Tutor,"Doha City, Doha",08/11/21,Secondary Stage,Physics
Searching for an Arabic Language Tutor,"All Areas, Doha",08/11/21,Preparatory Stage,Arabic
Searching for an English Tutor,"All Areas, Doha",08/11/21,Secondary Stage,English literature
Searching for an English Tutor,"All Areas, Doha",08/11/21,Secondary Stage,English
Searching for a Guitar Tutor,"All Areas, Doha",08/11/21,Music,Guitar
Looking for a Violin Tutor,"All Areas, Doha",08/11/21,Music,Violin
Looking for a Spanish Language Tutor,"All Areas, Doha",08/11/21,Language,Spanish
Need a Keyboard Tutor,"Doha, Doha",08/11/21,Music,Keyboard
Looking for a Swimming Trainer,"Al Dafna, Doha",08/11/21,Sports / Fitness Training,Swimming
Looking for a Business Studies Tutor,"Al-waab Street, Doha",08/11/21,Secondary Stage,Business Studies
Looking for a Mathematics Tutor,"All Areas, Doha",08/11/21,Preparatory Stage,Mathematics
Seeking a good Tutor to get prepared for GED,"All Areas, Doha",08/11/21,GMAT/GRE/TOEFL/IELTS/SAT,GED
Searching for a Mathematics Tutor,"Al Hilal, Doha",08/11/21,Elementary Stage,Mathematics
Looking for a Quran Tutor,"Musherib, Doha",08/11/21,Language,Quran
Searching for a Physics Tutor,"All Areas, Doha",08/11/21,Secondary Stage,Physics
Searching for a Tutor to learn Computer / IT,"West Bay, Doha",07/11/21,Engineering Subjects,Computer / IT
Searching for a Tutor to learn Mathematics,"Ain Khaled, Doha, Qatar, Doha",07/11/21,Secondary Stage,Mathematics
Seeking a Tutor for Data Structures,"All Areas, Doha",07/11/21,Computer / IT,Data Structures
Want a Physics Tutor,"All Areas, Doha",07/11/21,Secondary Stage,Physics
Looking for a French Tutor,"Abu Hamour, Doha",07/11/21,Elementary Stage,French
Need a Tutor to Learn Physics,"All Areas, Doha",07/11/21,Secondary Stage,Physics
Need a Tutor to Learn Chemistry,"All Areas, Doha",07/11/21,Secondary Stage,Chemistry
Need a Tutor to Learn Biology,"All Areas, Doha",07/11/21,Secondary Stage,Biology
Looking for a Saxophone Tutor,"Najma, Doha",07/11/21,Music,Saxophone
Searching for a Tutor to learn English,"Al Sadd, Doha",06/11/21,Language,English
Looking for a Swimming Instructor,"All Areas, Doha",06/11/21,Sports / Fitness Training,Swimming
Need a Piano Tutor,"Al Rayyan, Doha",06/11/21,Music,Piano
Looking for an Arabic language Tutor,"Abu Hamour, Doha",06/11/21,Language,Arabic
Looking for a Communicative English Tutor,"Al Dafna, Doha",06/11/21,Language,English
Seeking a Communicative English Tutor,"Al Dafna, Doha",06/11/21,Academic Enrichment,Communicative English
Looking for a Spanish Language Tutor,"Al Dafna, Doha",06/11/21,Language,Spanish
Looking for a Tutor for Graphic Design,"All Areas, Doha",06/11/21,Computer / IT,Graphic design
Looking for a Biology Tutor,"Doha City, Doha",06/11/21,UNIVERSITY,Biology
Looking for a Computing Programming Tutor,"All Areas, Doha",06/11/21,Stem Classes,Coding & Programming
Seeking an English Tutor,"Fereej Bin Mahmoud, Doha",05/11/21,Elementary Stage,English
Seeking an English Tutor,"All Araes, Doha",05/11/21,Elementary Stage,English
Looking for a Mathematics Tutor,"All Areas, Doha",05/11/21,Secondary Stage,Mathematics
Want a Biology Tutor,"All Areas, Doha",05/11/21,Secondary Stage,Biology
Want a Chemistry Tutor,"All Areas, Doha",05/11/21,Secondary Stage,Chemistry
Want a Physics Tutor,"All Areas, Doha",05/11/21,Secondary Stage,Physics
Need a CCNA Tutor,"All Areas, Doha",04/11/21,Computer / IT,CCNA Certification
Searching for a Finance Tutor,"All Areas, Doha",04/11/21,UNIVERSITY,Finance
Seeking a Filipino Tutor,"All Areas, Doha",04/11/21,Language,Filipino
Looking for a Java Programming Tutor,"The Pearl, Doha",04/11/21,Computer / IT,JAVA Technology
Seeking an English Tutor,"Ain Khalid, Doha",04/11/21,Language,English
Searching for a Tutor to learn ACT,"Al Mamoura, Doha",03/11/21,GMAT/GRE/TOEFL/IELTS/SAT,ACT
Need a Tutor for Discrete Mathematics,"The Pearl, Doha",03/11/21,Higher Education,MATHS
Looking for a Python Programming Tutor,"Doha City, Doha",03/11/21,Computer / IT,Python Programming
Looking for a Tutor for Computer Graphics,"All Areas, Doha",03/11/21,Computer / IT,Graphic design
Seeking an English Tutor,"Old Airport, Doha",03/11/21,UNIVERSITY,English
Seeking an English Tutor for Data entry,"All Areas, Doha",03/11/21,Computer / IT,Data Analysis
Want a Physics Tutor,"Khartiat, Doha",03/11/21,Secondary Stage,Physics
Looking for a French Tutor,"All Areas, Doha",03/11/21,Language,French
Searching for a Mathematics Tutor,"All Areas, Doha",03/11/21,Secondary Stage,Mathematics
Need a Violin Tutor,"All Areas, Doha",03/11/21,Music,Violin
Seeking an Arabic Language Tutor,"Musherib, Doha",03/11/21,Language,Arabic
Need a Tutor to Learn Physics,"Al Thumama, Doha, Doha",03/11/21,Secondary Stage,Physics
Need a Tutor to Learn Chemistry,"Al Thumama, Doha, Doha",03/11/21,Secondary Stage,Chemistry
Seeking an Account Tutor,"Doha International Airport, Doha, Doha",03/11/21,Secondary Stage,ACCOUNTS
Searching for a Tutor to learn Home Science,"Al Dafna, Doha",02/11/21,Secondary Stage,Home Science
Looking for an Arts Tutor,"All Areas, Doha",02/11/21,Arts / Photography / Other Hobbies,Arts & Crafts
Seeking an English Tutor,"All Areas, Doha",02/11/21,Elementary Stage,English
Need a Swimming Coach,"All Areas, Doha",02/11/21,Sports / Fitness Training,Swimming
Looking for a Science Tutor,"Ezdan 31, Doha",02/11/21,Elementary Stage,Science
Looking for a Mathematics Tutor,"Ezdan 31, Doha",02/11/21,Elementary Stage,Mathematics
Looking for a Science Tutor,"Al Rayyan, Doha",02/11/21,Secondary Stage,Science
Want a Science Tutor,"Al Rayyan, Doha",02/11/21,Secondary Stage,Chemistry
Looking for a Corporate Finance Tutor,"Al Duhail, Doha",02/11/21,MBA / Business Training,Finance
Searching for a Tutor to learn Turkish,"Al Markhiya, Doha",01/11/21,Language,Turkish
Looking for a Badminton Tutor,"All Areas, Doha",01/11/21,Sports / Fitness Training,Badminton
Searching for a Mathematics Tutor,"Al Thumama, Doha",01/11/21,Elementary Stage,Mathematics
Seeking a Good Tutor to get prepared for SAT,"All Areas, Doha",01/11/21,GMAT/GRE/TOEFL/IELTS/SAT,SAT
Searching for an Arabic Tutor,"Al Duhail, Doha",01/11/21,Elementary Stage,Arabic
Need a Tutor for Advanced Excel,"Al Nasr, Doha",01/11/21,Computer / IT,Advanced Excel
Need a Tutor for MS Office,"Al Nasr, Doha",01/11/21,Computer / IT,MS Office
Seeking an Arabic Tutor,"Al Nuaija, Doha",01/11/21,Elementary Stage,Arabic
Searching for a Drawing Tutor,"Al Mamoura, Doha",01/11/21,Arts / Photography / Other Hobbies,Drawing
Seeking a Good Tutor to get prepared for IELTS,"All Areas, Doha",01/11/21,GMAT/GRE/TOEFL/IELTS/SAT,English
Seeking a Good Tutor to get prepared for IELTS,"All Areas, Doha",01/11/21,GMAT/GRE/TOEFL/IELTS/SAT,IELTS
Need a Python Tutor,"All Areas, Doha",01/11/21,Computer / IT,Python Programming
Searching for a Chemistry Tutor,"All Areas, Doha",01/11/21,Secondary Stage,Chemistry
Searching for a Urdu Tutor,"All Areas, Doha",01/11/21,Language,Urdu
Looking for a Guitar Tutor,"Al Mansoura, Doha",01/11/21,Music,Guitar
Looking for a Spoken Arabic Tutor,"Doha City, Doha",01/11/21,Language,Arabic
Searching for a Tutor to learn Finance,"Al Duhail, Doha",31/10/21,UNIVERSITY,Finance
Looking for a French Tutor,"All Areas, Doha",31/10/21,Language,French
Want a Keyboard Tutor,"All Areas, Doha",31/10/21,Music,Keyboard
Need a Piano Tutor,"All Areas, Doha",31/10/21,Music,Piano
Seeking a Piano Tutor,"All Areas, Doha",31/10/21,Music,Piano
Searching for a Tutor to learn German,"Ain Khalid, Doha",31/10/21,Language,German
Looking for a Mathematics Tutor,"Doha City, Doha",30/10/21,Secondary Stage,Mathematics
Looking for a Social Studies Tutor,"All Areas, Doha",30/10/21,Elementary Stage,Social Studies
Looking for a Science Tutor,"All Areas, Doha",30/10/21,Elementary Stage,Science
Looking for a Mathematics Tutor,"All Areas, Doha",30/10/21,Elementary Stage,Mathematics
Seeking an English Tutor,"All Areas, Doha",30/10/21,Elementary Stage,English
Looking for a Computer Science Tutor,"All Areas, Doha",30/10/21,Secondary Stage,Computer Science
Seeking an English Tutor,"All Areas, Doha",30/10/21,Secondary Stage,English
Require an Violin Tutor,"All Areas, Doha",30/10/21,Music,Violin
Require an Guitar Tutor,"All Areas, Doha",30/10/21,Music,Guitar
Require an Piano Tutor,"All Areas, Doha",30/10/21,Music,Piano
Looking for a Keyboard Tutor,"All Areas, Doha",30/10/21,Music,Keyboard
Need a Tutor to Learn Science,"All Areas, Doha",30/10/21,Elementary Stage,Science
Need a Tutor to Learn English,"All Areas, Doha",30/10/21,Elementary Stage,English
Need a Tutor to Learn Mathematics,"All Areas, Doha",30/10/21,Elementary Stage,Mathematics
Looking for a Violin Tutor,"All Areas, Doha",30/10/21,Music,Violin
Searching for a Tutor to learn Information Technology,"Abu Hamour, Doha",29/10/21,Secondary Stage,Information Technology
Looking for a Java Tutor,"Doha City, Doha",29/10/21,Computer / IT,JAVA Technology
Need a Tutor to Learn Chemistry,"All Areas, Doha",29/10/21,Secondary Stage,Chemistry
Need a Tutor to Learn Physics,"All Areas, Doha",29/10/21,Secondary Stage,Physics
Seeking a Lady English Tutor,"All Areas, Doha",29/10/21,Elementary Stage,English
Need a Tutor for Chemical Engineering,"All Areas, Doha",29/10/21,Engineering Subjects,Chemical
Looking for a Piano Tutor,"All Areas, Doha",29/10/21,Music,Piano
Looking for a Mathematics Tutor,"All Areas, Doha",29/10/21,Elementary Stage,Mathematics
Looking for a Mathematics Tutor,"All Areas, Doha",29/10/21,Secondary Stage,Mathematics
Want a Chemistry Tutor,"All Areas, Doha",29/10/21,Secondary Stage,Chemistry
Want a Biology Tutor,"All Areas, Doha",29/10/21,Secondary Stage,Biology
Looking for a Business English Tutor,"All Areas, Doha",29/10/21,Language,English
Need a Tutor for Mechanical Engineering,"Doha, Doha",29/10/21,Engineering Subjects,Mechanical
Looking for a Business Tutor,"Al Waab, Doha",29/10/21,Secondary Stage,Business Studies
Looking for an Accountancy Tutor,"Al Thumama, Doha",29/10/21,Secondary Stage,ACCOUNTS
Searching for a Tutor to learn PHP And MySQL,"All Areas, Doha",29/10/21,Computer / IT,PHP And MySQL
Searching for a Tutor to learn Communicative English,"Al Murrah, Doha",29/10/21,Academic Enrichment,Communicative English
Searching for a Tutor to learn Computer Science,"All Areas, Doha",28/10/21,Secondary Stage,Computer Science
Searching for a Drums Tutor,"Airport Road, Doha",28/10/21,Music,Drums
Need a Violin Tutor,"All Areas, Doha",28/10/21,Music,Violin
Looking for a Lade Yoga Tutor,"All Areas, Doha",28/10/21,Sports / Fitness Training,Yoga and Pilates
Need a highly qualified English professor,"Doha City, Doha",28/10/21,Language,English
Looking for a Violin Tutor,"All Areas, Doha",28/10/21,Music,Violin
Looking for a European History Qatari Tutor,"Doha City, Doha",28/10/21,UNIVERSITY,History
Searching for a Cello Tutor,"All Areas, Doha",28/10/21,Music,Cello
Seeking an English Tutor,"All Areas, Doha",27/10/21,Secondary Stage,English
Seeking an English Tutor,"Doha City, Doha",27/10/21,Language,English
Looking for a  C++ Tutor,"All Areas, Doha",27/10/21,Computer / IT,"C, C++"
Looking for a Mathematics Tutor,"All Areas, Doha",27/10/21,Secondary Stage,Mathematics
Need a Guitar Tutor,"All Areas, Doha",27/10/21,Music,Guitar
Need a Piano Tutor,"All Areas, Doha",27/10/21,Music,Piano
Need a Violin Tutor,"All Areas, Doha",27/10/21,Music,Violin
Looking for a Tutor for Business Analysis,"All Areas, Doha",27/10/21,MBA / Business Training,Business Training
Looking for a Good Tutor to get prepared for TEF,"All Areas, Doha",26/10/21,Language,French
Looking for a Good Tutor to get prepared for TEF,"All Areas, Doha",26/10/21,GMAT/GRE/TOEFL/IELTS/SAT,TEF Exam
Looking for a Mathematics Tutor,"All Areas, Doha",26/10/21,Secondary Stage,Mathematics
Looking for a Tutor for Database,"All Areas, Doha",26/10/21,Computer / IT,Data Science
Seeking a Java Tutor,"All Areas, Doha",26/10/21,Computer / IT,JAVA Technology
Want a Chemistry Tutor,"All Areas, Doha",26/10/21,Secondary Stage,Chemistry
Want a Mathematics Tutor,"All Areas, Doha",26/10/21,Secondary Stage,Mathematics
Looking for a Project Management Tutor,"All Areas, Doha",26/10/21,MBA / Business Training,Project Management
Looking for a Mathematics Tutor,"Abu Hamour, Doha",26/10/21,UNIVERSITY,MATHS
Looking for a Mathematics Tutor,"All Areas, Doha",26/10/21,Preparatory Stage,Mathematics
Looking for a Tutor for Marketing Research,"All Areas, Doha",25/10/21,MBA / Business Training,Marketing
Searching for an English Tutor,"All Areas, Doha",25/10/21,Elementary Stage,English
Searching for a Mathematics Tutor,"All Areas, Doha",25/10/21,Elementary Stage,Mathematics
Looking for a German Language Tutor,"All Areas, Doha",25/10/21,Language,German
Looking for a C++ Tutor,"All Areas, Doha",25/10/21,Computer / IT,"C, C++"
Looking for a Tutor for Programming,"All Areas, Doha",25/10/21,Computer / IT,Programming Technology
Searching for an English Tutor,"Al Markhiya, Doha",25/10/21,UNIVERSITY,English
Looking for a Computer Science Tutor,"All Areas, Doha",25/10/21,UNIVERSITY,computer science/IT
Searching for a Computer Science Tutor,"Fereej Bin Omran, Doha, Doha",25/10/21,UNIVERSITY,computer science/IT
Searching for a Tutor to learn English,"All Areas, Doha",25/10/21,Language,English
Searching for a Tutor to learn Programming Technology,"Al Aziziyah, Doha",24/10/21,Computer / IT,Programming Technology
Want a Science Tutor,"Mesaimeer Road, Doha",24/10/21,Preparatory Stage,Sciences
Looking for a Project Management Tutor,"All Areas, Doha",24/10/21,MBA / Business Training,Project Management
Seeking an Arabic Tutor,"Al Dafna, Doha",24/10/21,Preparatory Stage,Arabic
Looking for a Science Tutor,"Al Dafna, Doha",24/10/21,Preparatory Stage,Sciences
Looking for a Spanish Language Tutor,"Al Waab, Doha, Doha",24/10/21,Language,Spanish
Looking for a Good Tutor to get prepared for IELTS,"All Areas, Doha",24/10/21,Language,English
Looking for a Good Tutor to get prepared for IELTS,"All Areas, Doha",24/10/21,GMAT/GRE/TOEFL/IELTS/SAT,IELTS
Searching for a Tutor to learn Accounting,"All Areas, Doha",23/10/21,UNIVERSITY,Accounting
Searching for a Tutor to learn ACCOUNTS,"Old Airport, Doha",23/10/21,Secondary Stage,ACCOUNTS
Looking for a Good Tutor to get prepared for TOEFL,"Doha City, Doha",23/10/21,Language,English
Looking for a Good Tutor to get prepared for TOEFL,"Doha City, Doha",23/10/21,GMAT/GRE/TOEFL/IELTS/SAT,TOEFL
Looking for a Dance Tutor,"All Areas, Doha",23/10/21,Dance,Hip Hop Dancing
Want a Chemistry Tutor,"Doha City, Doha",23/10/21,Secondary Stage,Chemistry
Looking for a Hindi Tutor,"Abu Hamour, Doha",23/10/21,Language,Hindi
Need a Piano Tutor,"Aspire Zone, Doha",23/10/21,Music,Piano
Looking for a Science Tutor,"Al Hilal, Doha",22/10/21,Preparatory Stage,Sciences
Need a Violin Tutor,"All Areas, Doha",22/10/21,Music,Violin
Looking for a Good Tutor to get prepared for TOEFL,"Doha City, Doha",22/10/21,Language,English
Looking for a Good Tutor to get prepared for TOEFL,"Doha City, Doha",22/10/21,GMAT/GRE/TOEFL/IELTS/SAT,TOEFL
Seeking a Social Studies Tutor,"Doha City, Doha",22/10/21,Preparatory Stage,Social Studies
Looking for a German Language Tutor,"Doha, Doha",21/10/21,Language,German
Searching for an English Tutor,"Al Gharafa, Doha",21/10/21,Elementary Stage,English
Searching for a Mathematics Tutor,"All Areas, Doha",21/10/21,Secondary Stage,Mathematics
Searching for a Mathematics Tutor,"Doha City, Doha",21/10/21,Secondary Stage,Mathematics
Searching for a Project Management Tutor,"All Areas, Doha",21/10/21,MBA / Business Training,Project Management
Seeking an English Tutor,"All Areas, Doha",21/10/21,Preparatory Stage,English
Looking for a Tutor for Data structure and Algorithms,"Ad Dawhah, Doha",21/10/21,UNIVERSITY,computer science/IT
Looking for a Tutor for Data structure and Algorithms,"Ad Dawhah, Doha",21/10/21,Computer / IT,Data Structures
Searching for a Tutor to learn English,"Al Duhail, Doha",20/10/21,Early Childhood,English
Looking for a History Tutor,"Al Gharafa, Doha",20/10/21,Secondary Stage,History
Looking for a Accountant Tutor,"All Areas, Doha",20/10/21,MBA / Business Training,Accountancy
Looking for a JAVA Tutor,"All Areas, Doha",20/10/21,Computer / IT,JAVA Technology
Looking for a Finance Tutor,"All Areas, Doha",20/10/21,Secondary Stage,Finance
Looking for an Accounting Tutor,"All Areas, Doha",20/10/21,Secondary Stage,ACCOUNTS
Looking for an English Tutor,"All Areas, Doha",20/10/21,Language,English
Looking for a Guitar Tutor,"All Areas, Doha",20/10/21,Music,Guitar
Urgent Need a Tutor for Mathematics,"All Areas, Doha",20/10/21,UNIVERSITY,MATHS
Looking for a English Tutor,"All Areas, Doha",20/10/21,Secondary Stage,English
Want a Physics Tutor,"All Areas, Doha",20/10/21,Secondary Stage,Physics
Looking for a Mathematics Tutor,"All Areas, Doha",20/10/21,Secondary Stage,Mathematics
Seeking an Arabic Tutor,"All Areas, Doha",20/10/21,Elementary Stage,Arabic
Want a Piano Tutor,"All Areas, Doha",20/10/21,Music,Piano
Need a Swimming Trainer,"All Areas, Doha",20/10/21,Sports / Fitness Training,Swimming
Looking for a Mathematics Tutor,"Ain Khalid, Doha",20/10/21,Secondary Stage,Mathematics
Looking for a Chemistry Tutor,"Ain Khalid, Doha",20/10/21,Secondary Stage,Chemistry
Looking for a Science Tutor,"All Areas, Doha",20/10/21,Elementary Stage,Science
Looking for a Mathematics Tutor,"All Areas, Doha",20/10/21,Elementary Stage,Mathematics
Seeking an English Tutor,"All Areas, Doha",20/10/21,Elementary Stage,English
Searching for a Tutor to learn Science,"West Bay, Doha",19/10/21,Secondary Stage,Science
Searching for a Tutor to learn Saxophone,"West Bay, Doha",19/10/21,Music,Saxophone
Looking for a Saxophone Tutor,"The Pearl, Doha",19/10/21,Music,Saxophone
Looking for a Macroeconomic Tutor,"Ain Khalid, Doha",19/10/21,Higher Education,Economics
Looking for a Lady Urdu Tutor,"All Areas, Doha",19/10/21,Language,Urdu
Seeking an Arabic Tutor,"All Areas, Doha",19/10/21,Secondary Stage,Arabic
Looking for a Science Tutor,"All Areas, Doha",19/10/21,Preparatory Stage,Sciences
Looking for a Spanish Language Tutor,"All Areas, Doha",19/10/21,Language,Spanish
Seeking an English Tutor,"All Areas, Doha",19/10/21,Secondary Stage,English
Looking for a French Tutor,"All Areas, Doha",19/10/21,Elementary Stage,French
Seeking an English Tutor,"Ain Khalid, Doha",19/10/21,Early Childhood,English
Looking for a Science Tutor,"Mesaimeer Road, Doha",19/10/21,Preparatory Stage,Sciences
Looking for a Mathematics Tutor,"Mesaimeer Road, Doha",19/10/21,Preparatory Stage,Mathematics
Seeking a Piano Tutor,"Doha, Doha",19/10/21,Music,Piano
Looking for a Violin Tutor,"All Areas, Doha",19/10/21,Music,Violin
Seeking an English Tutor,"All Areas, Doha",19/10/21,Early Childhood,English
Searching for a Tutor to learn Science,"Mesaimeer Road, Doha",19/10/21,Secondary Stage,Science
Searching for a Tutor to learn Mathematics,"Mesaimeer Road, Doha",18/10/21,Secondary Stage,Mathematics
Looking for a Spanish language Tutor,"Al Murour, Doha",18/10/21,Language,Spanish
Need a Tabla Tutor,"All Areas, Doha",18/10/21,Music,Tabla
Need a Dance Tutor,"All Areas, Doha",18/10/21,Dance,Hip Hop Dancing
Need a Chemistry Tutor,"Doha, Doha",18/10/21,Secondary Stage,Chemistry
Looking for a Saxophone Tutor,"West Bay, Doha",18/10/21,Music,Saxophone
Looking for a Mathematics Tutor,"Doha, Doha",18/10/21,Higher Education,MATHS
Want a Physics Tutor,"Doha, Doha",18/10/21,Higher Education,Physics
Looking for a Statistics Tutor for Data Science,"Doha City, Doha",18/10/21,UNIVERSITY,Statistics
Looking for a Statistics Tutor for Data Science,"Doha City, Doha",18/10/21,Computer / IT,Data Science
Searching for a Mathematics Tutor,"Abu Hamour, Doha",18/10/21,Secondary Stage,Mathematics
Seeking an English Tutor,"Al Markhiya, Doha",18/10/21,Elementary Stage,English
Searching for a Drawing Tutor,"All Areas, Doha",18/10/21,Arts / Photography / Other Hobbies,Painting
Seeking a Drawing Tutor,"All Areas, Doha",18/10/21,Arts / Photography / Other Hobbies,Drawing
Looking for a Tutor to Learn Accounting,"All Areas, Doha",18/10/21,UNIVERSITY,Accounting
Searching for a Sociology Tutor,"Abu Hamour, Doha",18/10/21,Secondary Stage,Sociology
Searching for a Swimming Coach,"All Areas, Doha",18/10/21,Sports / Fitness Training,Swimming
Searching for a Tutor to learn Mental Maths,"Abu Hamour, Doha",17/10/21,Academic Enrichment,Mental Maths
Searching for a Tutor to learn MATHS,"Abu Hamour, Doha",17/10/21,GMAT/GRE/TOEFL/IELTS/SAT,MATHS
Looking for a Good Tutor to get prepared for ACT,"All Areas, Doha",17/10/21,GMAT/GRE/TOEFL/IELTS/SAT,ACT
Want a Biology Tutor,"Old Airport, Doha",17/10/21,Secondary Stage,Biology
Want a Physics Tutor,"Old Airport, Doha",17/10/21,Secondary Stage,Physics
Seeking a good Tutor to get prepared for CMA,"All Areas, Doha",17/10/21,GMAT/GRE/TOEFL/IELTS/SAT,CMA
Looking for a Piano Tutor,", Doha",16/10/21,Music,Piano
Looking for a Swimming Instructor,"All Areas, Doha",16/10/21,Sports / Fitness Training,Swimming
Need a Tutor to Learn Graphics,"Doha, Doha",16/10/21,Computer / IT,Graphic design
Want a Physics Tutor,"All Areas, Doha",16/10/21,Secondary Stage,Physics
Looking for a Good Tutor to get prepared for ACCA,"All Areas, Doha",15/10/21,GMAT/GRE/TOEFL/IELTS/SAT,ACCA
Looking for a Good Tutor to get prepared for ACCA,"All Areas, Doha",15/10/21,GMAT/GRE/TOEFL/IELTS/SAT,Accounting
Seeking a Belly Dance Tutor,"All Areas, Doha",15/10/21,Dance,Belly Dance
Want a Chemistry Tutor,"All Areas, Doha",15/10/21,Secondary Stage,Chemistry
Looking for a Computer Networking Tutor,"Doha City, Doha",15/10/21,Computer / IT,Networking
Seeking a Mathematics Tutor,"All Areas, Doha",15/10/21,Elementary Stage,Mathematics
Need a Tutor for Vocal training,"All Areas, Doha",15/10/21,Music,Singing
Looking for a Chemistry Tutor,"All Areas, Doha",15/10/21,UNIVERSITY,Chemistry
Looking for a Mathematics Tutor,"Old Airport, Doha, Doha",15/10/21,Preparatory Stage,Mathematics
Seeking an English Tutor,"Doha City, Doha",14/10/21,Secondary Stage,English
Need a Tutor to Learn Physics,"All Areas, Doha",14/10/21,Secondary Stage,Physics
Need a Tutor to Learn English,"All Areas, Doha",14/10/21,Secondary Stage,English
Need a Tutor to Learn Mathematics,"All Areas, Doha",14/10/21,Secondary Stage,Mathematics
Need a Tutor to Learn Chemistry,"All Areas, Doha",14/10/21,Secondary Stage,Chemistry
Need a Tutor to Learn Finance,"All Areas, Doha",14/10/21,UNIVERSITY,Finance
Need a Tutor to Learn Accounting,"All Areas, Doha",14/10/21,UNIVERSITY,Accounting
Looking for a Swimming Instructor,"All Areas, Doha",14/10/21,Sports / Fitness Training,Swimming
Looking for an Arabic Tutor,"The Pearl, Doha",14/10/21,Elementary Stage,Arabic
Looking for a Arabic Tutor,"All Areas, Doha",14/10/21,Language,Arabic
Looking for a AP Statistics Tutor,"All Areas, Doha",14/10/21,Secondary Stage,Statistics
Need a Violin Tutor,"All Areas, Doha",14/10/21,Music,Violin
Looking for a Intercontinental Taxation Tutor,"Doha, Doha",14/10/21,UNIVERSITY,Finance
Looking for a Drums Tutor,"Doha City, Doha",14/10/21,Music,Drums
Looking for a 3D Max / Maya Tutor,"All Areas, Doha",14/10/21,Computer / IT,3D Max / Maya
Looking for a Quran Tutor,"All Areas, Doha",14/10/21,Language,Quran
Looking for a Science Tutor,"All Areas, Doha",14/10/21,Elementary Stage,Science
Looking for a Mathematics Tutor,"All Areas, Doha",14/10/21,Elementary Stage,Mathematics
Seeking an English Tutor,"All Areas, Doha",14/10/21,Elementary Stage,English
Looking for a Female Horse Riding Instructor,"Freej Kulaib, Doha",14/10/21,Sports / Fitness Training,Horse Riding
Looking for a French Tutor,"Al Luqta, Doha",14/10/21,Elementary Stage,French
Looking for an English Tutor,"Doha City, Doha",14/10/21,Preparatory Stage,English
Looking for a Tutor for Cyber Security,"All Areas, Doha",13/10/21,Computer / IT,Cyber Security
Need a Chess Coach,"All Areas, Doha",13/10/21,Sports / Fitness Training,Chess
Require a Mathematics Tutor,"All Areas, Doha",13/10/21,Secondary Stage,Mathematics
Require a Physics Tutor,"All Areas, Doha",13/10/21,Secondary Stage,Physics
Require a Chemistry Tutor,"All Areas, Doha",13/10/21,Secondary Stage,Chemistry
Looking for a Tutor for Pest Control Services,"All Areas, Doha",13/10/21,MBA / Business Training,Pest Control Training
Looking for a Mathematics Tutor,"All Areas, Doha",13/10/21,UNIVERSITY,MATHS
Looking for a Interior Design Tutor,"All Areas, Doha",13/10/21,Arts / Photography / Other Hobbies,Interior Design
Looking for a Business Studies Tutor,"Airport Road, Doha",13/10/21,Secondary Stage,Business Studies
Looking for a Geography Tutor,"Fereej Bin Omran, Doha, Doha",13/10/21,Secondary Stage,Geography
Seeking a Video Editing Tutor,"All Areas, Doha",13/10/21,Computer / IT,Video Editing
Looking for a Guitar Tutor,"All Areas, Doha",13/10/21,Music,Guitar
Seeking a Biology Tutor,"Abu Hamour, Doha",13/10/21,Secondary Stage,Biology
Seeking an English Tutor,"All Areas, Doha",13/10/21,Secondary Stage,English
Searching for a Tutor to learn Business Studies,"Al Dafna, Doha",13/10/21,Higher Education,Business Studies
Searching for a Tutor to learn Biology,"Abu Hamour, Doha",12/10/21,Higher Education,Biology
Searching for a Tutor to learn Computer science/IT,"The Pearl, Doha",12/10/21,UNIVERSITY,computer science/IT
Searching for a Tutor to learn Mathematics,"Airport Road, Doha",12/10/21,Preparatory Stage,Mathematics
Looking for a Business Studies Tutor,"All Areas, Doha",12/10/21,Secondary Stage,Business Studies
Looking for a Guitar Tutor,"All Areas, Doha",12/10/21,Music,Guitar
Seeking an English Tutor,"All Areas, Doha",12/10/21,UNIVERSITY,English
Require a Tutor for Cyber Security,"All Areas, Doha",12/10/21,Computer / IT,Cyber Security
Want a Finance Tutor,"All Areas, Doha",12/10/21,Secondary Stage,Finance
Looking for a Swimming Instructor,"All Areas, Doha",12/10/21,Sports / Fitness Training,Swimming
Looking for a Python Tutor,"All Areas, Doha",12/10/21,Computer / IT,Python Programming
Looking for an Accounting Tutor,"All Areas, Doha",12/10/21,Secondary Stage,ACCOUNTS
Looking for a Business Tutor,"All Areas, Doha",12/10/21,Secondary Stage,Business Studies
Searching for a Tutor to learn Piano,"Ad Dawhah, Doha",11/10/21,Music,Piano
Searching for a Tutor to learn German,"Al Nasr, Doha, Doha",11/10/21,Language,German
Looking for a Mathematics Tutor,"All Area, Doha",11/10/21,Secondary Stage,Mathematics
Seeking an English Tutor,"All Areas, Doha",11/10/21,Language,English
Looking for a Tutor to Learn German Language,"All Areas, Doha",11/10/21,Language,German
Want a Physics Tutor,"All Areas, Doha",11/10/21,Secondary Stage,Physics
Looking for a Tutor for Biology Edexcel,"Al Gharafa, Doha",11/10/21,Secondary Stage,Biology
Searching for a Mathematics Tutor,"All Areas, Doha",11/10/21,Secondary Stage,Mathematics
Looking for a Russian Language Tutor,"All Areas, Doha",11/10/21,Language,Russian
Seeking a good Tutor to get prepared for TEF,"All Areas, Doha",11/10/21,GMAT/GRE/TOEFL/IELTS/SAT,TEF Exam
Required a Math Tutor,"Al Waab, Doha",11/10/21,Secondary Stage,Mathematics
Searching for a Tutor to learn MATHS,"Al Dafna, Doha",11/10/21,Higher Education,MATHS
Searching for a Tutor to learn Guitar,"Al Mansoura, Doha",10/10/21,Music,Guitar
Searching for a Tutor to learn English,"Doha City, Doha",10/10/21,Elementary Stage,English
Looking for a Zumba Tutor,"All Areas, Doha",10/10/21,Sports / Fitness Training,Zumba
Looking for a Violin Tutor,"All Areas, Doha",10/10/21,Music,Violin
Looking for a Spanish Language Tutor,"All Areas, Doha",10/10/21,Language,Spanish
Need a Tutor to Learn MATHS,"All Areas, Doha",10/10/21,Early Childhood,MATHS
Need a Tutor to Learn English,"All Areas, Doha",10/10/21,Early Childhood,English
Want a Guitar Tutor,"All Areas, Doha",10/10/21,Music,Guitar
Searching for a Tutor to learn Badminton,"All Areas, Doha",09/10/21,Sports / Fitness Training,Badminton
Want a Chemistry Tutor,"All Areas, Doha",09/10/21,Secondary Stage,Chemistry
Looking for a Spanish Language Tutor,"All Areas, Doha",09/10/21,Language,Spanish
Seeking a good Tutor to get prepared for GMAT,"All Areas, Doha",09/10/21,GMAT/GRE/TOEFL/IELTS/SAT,GMAT
Seeking an English Tutor,"All Areas, Doha",09/10/21,Secondary Stage,English
Looking for a Piano Tutor,", Doha",09/10/21,Music,Piano
Need a Tutor for Business Training,"Mughalina Building, Doha",08/10/21,MBA / Business Training,Business Training
Want a Tutor for Ballroom Dancing,"Musherib, Doha",08/10/21,Dance,Ballroom Dancing
Need a Guitar Tutor,"All Areas, Doha",08/10/21,Music,Guitar
Need a Tutor to Learn Mathematics,"West Bay, Doha",08/10/21,Elementary Stage,Mathematics
Need a Tutor to Learn English,"West Bay, Doha",08/10/21,Elementary Stage,English
Searching for a Tutor to learn German,"Najma, Doha",07/10/21,Language,German
Seeking an English Tutor,"All Areas, Doha",07/10/21,Secondary Stage,English
Looking for a Law Tutor,"All Areas, Doha",07/10/21,UNIVERSITY,Law
Looking for a Tutor to Learn German Language,"All Areas, Doha",07/10/21,Language,German
Looking for a German Language Tutor,"Ain Khalid, Doha",07/10/21,Language,German
Searching for an Electronics Tutor,"Old Airport, Doha",07/10/21,Engineering Subjects,Electronics
Looking for a Tutor for Robotics,"All Areas, Doha",07/10/21,Computer / IT,Robotics
Looking for a Python Programming Tutor,"Al Rayyan, Doha",07/10/21,Computer / IT,Python Programming
Seeking an English Tutor,"Abu Hamour, Doha",07/10/21,Preparatory Stage,English
Searching for a Tutor to learn Biology,"Al Gharafa, Doha",07/10/21,Secondary Stage,Biology
Searching for a Tutor to learn Computer science/IT,"Al Rayyan, Doha",06/10/21,UNIVERSITY,computer science/IT
Looking for a Finance Tutor,"All Areas, Doha",06/10/21,UNIVERSITY,Finance
Looking for a Mandarin Language Tutor,"All Areas, Doha",06/10/21,Language,Mandarin
Require a Mathematics Tutor,"All Areas, Doha",06/10/21,Elementary Stage,Mathematics
Seeking a History Tutor,"All Areas, Doha",06/10/21,Elementary Stage,History
Seeking a Geography Tutor,"All Areas, Doha",06/10/21,Elementary Stage,Geography
Seeking an English Tutor,"All Areas, Doha",06/10/21,Elementary Stage,English
Searching for a Lady Mathematics Tutor,"Al Dafna, Doha",06/10/21,Secondary Stage,Mathematics
Seeking a Chemistry Tutor,"Al Duhail, Doha",06/10/21,Secondary Stage,Chemistry
Require a Mathematics Tutor,"Ain Khalid, Doha",06/10/21,Elementary Stage,Mathematics
Seeking an English Tutor,"Ain Khalid, Doha",06/10/21,Elementary Stage,English
Want a Chemistry Tutor,"All Areas, Doha",06/10/21,UNIVERSITY,Chemistry
Want a Mathematics Tutor,"All Areas, Doha",06/10/21,UNIVERSITY,MATHS
Need a Piano Tutor,"West Bay Lagoon, Doha",06/10/21,Music,Piano
Looking for a Robotics Tutor,"All Areas, Doha",06/10/21,Stem Classes,Robotics
Looking for a Violin Tutor,"All Areas, Doha",05/10/21,Music,Violin
Need a Piano Tutor,"All Areas, Doha",05/10/21,Music,Piano
Looking for an Animation Tutor,"All Areas, Doha",05/10/21,Computer / IT,3D Animation
Seeking an Arabic Tutor,"All Areas, Doha",05/10/21,Elementary Stage,Arabic
Searching for a Mathematics Tutor,"Al Dafna, Doha",05/10/21,Higher Education,MATHS
Need a Tutor for Computer Programming,"All Areas, Doha",05/10/21,Engineering Subjects,Chemical
Need a Tutor for Computer Programming,"All Areas, Doha",05/10/21,Engineering Subjects,Computer / IT
Looking for a International Finance Tutor,"Doha, Doha",05/10/21,UNIVERSITY,Finance
Want a Violin Tutor,"West Bay Lagoon, Doha",05/10/21,Music,Violin
Require a Chemistry Tutor,"Abu Hamour, Doha",05/10/21,Secondary Stage,Chemistry
Need a Tutor to Learn Mathematics,"All Areas, Doha",04/10/21,Elementary Stage,Mathematics
Need a Tutor to Learn English,"All Areas, Doha",04/10/21,Elementary Stage,English
Seeking an Abacus Tutor,"All Areas, Doha",04/10/21,Academic Enrichment,Mental Maths
Seeking a good Tutor to get prepared for IELTS,"Umm Bab Street, Doha, Qatar, Doha",04/10/21,Language,English
Seeking a good Tutor to get prepared for IELTS,"Umm Bab Street, Doha, Qatar, Doha",04/10/21,GMAT/GRE/TOEFL/IELTS/SAT,IELTS
Require a Drums Tutor,"Al Rayyan, Doha",04/10/21,Music,Drums
Seeking an Arabic Tutor,"All Areas, Doha",04/10/21,Language,Arabic
Need a Tutor for SPSS,"Doha, Doha",04/10/21,MBA / Business Training,Statistics
Require a Mathematics Tutor,"All Areas, Doha",04/10/21,Secondary Stage,Mathematics
Seeking an English Tutor,"All Areas, Doha",04/10/21,Secondary Stage,English
Looking for a Swimming Instructor,"All Areas, Doha",04/10/21,Sports / Fitness Training,Swimming
Looking for a Science Tutor,"All Areas, Doha",04/10/21,Secondary Stage,Physics
Looking for a Science Tutor,"All Areas, Doha",04/10/21,Secondary Stage,Science
Looking for a Science Tutor,"All Areas, Doha",04/10/21,Secondary Stage,Chemistry
Seeking a good Tutor to get prepared for IELTS,"All Areas, Doha",04/10/21,Language,French
Seeking a good Tutor to get prepared for IELTS,"All Areas, Doha",04/10/21,GMAT/GRE/TOEFL/IELTS/SAT,IELTS
Looking for a French Tutor,"All Areas, Doha",04/10/21,Language,French
Seeking a Native English Tutor,"All Areas, Doha",04/10/21,Language,English
Looking for a Mathematics Tutor,"Doha City, Doha",04/10/21,Secondary Stage,Mathematics
Want a Piano Tutor,"Al Waab, Doha",04/10/21,Music,Piano
Want a Physics Tutor,", Doha",04/10/21,Secondary Stage,Physics
Need a Tutor to Learn Mathematics,"All Areas, Doha",04/10/21,Preparatory Stage,Mathematics
Need a Tutor to Learn Sciences,"All Areas, Doha",04/10/21,Preparatory Stage,Sciences
Need a Tutor to Learn English,"All Areas, Doha",04/10/21,Preparatory Stage,English
Seeking an Arabic Tutor,"Al Nasr, Doha, Doha",04/10/21,Elementary Stage,Arabic
Looking for a Gymnastics Trainer,"All Areas, Doha",04/10/21,Sports / Fitness Training,Gymnastics
Need a Swimming Trainer,"All Areas, Doha",04/10/21,Sports / Fitness Training,Swimming
Searching for a Tutor to learn Arabic,"Al Thumama, Doha",03/10/21,Language,Arabic
Looking for a Quran Tutor,"All Areas, Doha",03/10/21,Language,Quran
Seeking an Arabic Tutor,"All Areas, Doha",03/10/21,Language,Arabic
Looking for a Mathematics Tutor,"Matar Qadeem, Doha",03/10/21,Elementary Stage,Mathematics
Looking for a GCSE Mathematics Tutor,"All Areas, Doha",03/10/21,Secondary Stage,Mathematics
Looking for a History Tutor,"Al Waab, Doha",03/10/21,Secondary Stage,History
Need a Tutor to Learn Mathematics,"Al Khisa, Doha",03/10/21,Preparatory Stage,Mathematics
Need a Tutor to Learn Sciences,"Al Khisa, Doha",03/10/21,Preparatory Stage,Sciences
Need a Tutor to Learn English,"Al Khisa, Doha",03/10/21,Preparatory Stage,English
Want a Mathematics Tutor,"All Areas, Doha",03/10/21,Secondary Stage,Mathematics
Looking for a Business Tutor,"Al Sadd, Doha",03/10/21,MBA / Business Training,Business Training
Looking for a Geography Tutor,"All Areas, Doha",03/10/21,Secondary Stage,Geography
Want a Psychology Tutor,"Doha, Doha",03/10/21,Secondary Stage,Psychology
Looking for a Biology Tutor,"Doha, Doha",03/10/21,Secondary Stage,Biology
Looking for a Mathematics Tutor,"Doha, Doha",03/10/21,Secondary Stage,Mathematics
Searching for a Tutor to learn Mental Maths,"Al Kheesa, Doha",03/10/21,Academic Enrichment,Mental Maths
Looking for a French Language Tutor,"All Areas, Doha",02/10/21,Language,French
Looking for a Tutor for SAP Business One,"All Areas, Doha",02/10/21,Computer / IT,SAP Training
Looking for a Tutor for SAP Business One,"All Areas, Doha",02/10/21,Computer / IT,SAP Certification
Seeking a Mental Math Tutor,"All Areas, Doha",02/10/21,Academic Enrichment,Mental Maths
Looking for an Arabic Tutor,"Al Hilal, Doha",02/10/21,Secondary Stage,Arabic
Need a Tutor to Learn Statistics,"All Areas, Doha",02/10/21,Higher Education,Statistics
Need a Tutor to Learn Economics,"All Areas, Doha",02/10/21,Higher Education,Economics
Require a Mathematics Tutor,"Matar Qadeem, Doha",02/10/21,Preparatory Stage,Mathematics
Need a DJ Trainer,"All Areas, Doha",02/10/21,Music,DJ Training
Need a Tutor for Project Management,"All Areas, Doha",01/10/21,MBA / Business Training,Project Management
Looking for a Violin Tutor,"All Areas, Doha",01/10/21,Music,Violin
Looking for a Urdu Language Tutor,"Al Waab, Doha",01/10/21,Language,Urdu
Searching for a Tutor to learn Modern Bollywood Dance,"Bin Mahmoud, Doha",01/10/21,Dance,Modern Bollywood Dance
Searching for a Tutor to learn Geography,"Al Waab, Doha",30/09/21,Secondary Stage,Geography
Looking for a Arabic Language Tutor,"All Areas, Doha",30/09/21,Language,Arabic
Looking for a Math Tutor,"All Areas, Doha",30/09/21,Preparatory Stage,Mathematics
Looking for a Football coach,"All Areas, Doha",30/09/21,Sports / Fitness Training,Football
Looking for a Russian Native Instructor,"All Areas, Doha",30/09/21,Language,Russian
Looking for a Yoga Trainer,"Ain Khalid, Doha",30/09/21,Sports / Fitness Training,Yoga and Pilates
Need a Tutor for English,"All Areas, Doha",30/09/21,Secondary Stage,English
Looking for a Tutor for Humanities,"All Areas, Doha",30/09/21,Secondary Stage,Humanities
Searching for a MATLAB Tutor,"All Areas, Doha",30/09/21,Computer / IT,MATLAB
Looking for a Corporate Finance Tutor,"Ain Khalid, Doha",30/09/21,MBA / Business Training,Finance
Looking for a Geography Tutor,"All Areas, Doha",30/09/21,Secondary Stage,Geography
Seeking a Media Studie Tutor,"Doha, Doha",30/09/21,Higher Education,"Film, media"
Searching for a Tutor to learn Science,", Doha",29/09/21,Secondary Stage,Science
Looking for a Swimming Instructor,"Al Waab, Doha, Doha",29/09/21,Sports / Fitness Training,Swimming
Looking for a MS Office Tutor,"All Areas, Doha",29/09/21,Computer / IT,MS Office
Looking for an Advanced Excel Tutor,"All Areas, Doha",29/09/21,Computer / IT,Advanced Excel
Seeking a Finance Tutor,"All Areas, Doha",29/09/21,UNIVERSITY,Finance
Want a Biology Tutor,"Doha, Doha",29/09/21,Secondary Stage,Biology
Need a Tutor to Learn English,"Abu Hamour, Doha",29/09/21,Elementary Stage,English
Need a Tutor to Learn Mathematics,"Abu Hamour, Doha",29/09/21,Elementary Stage,Mathematics
Looking for a Science Tutor,"All Area, Doha",29/09/21,Secondary Stage,Physics
Looking for a Science Tutor,"All Area, Doha",29/09/21,Secondary Stage,Chemistry
Looking for a Science Tutor,"All Area, Doha",29/09/21,Secondary Stage,Science
Looking for a Japanese Language Tutor,"All Areas, Doha",29/09/21,Language,Japanese
Searching for a Psychology Tutor,"Doha, Doha",29/09/21,Secondary Stage,Psychology
Looking for a Science Tutor,"All Areas, Doha",29/09/21,Preparatory Stage,Sciences
Searching for a Mathematics Tutor,"The Pearl, Doha",29/09/21,Secondary Stage,Mathematics
Require a Lady Mathematics Tutor,"All Areas, Doha",29/09/21,Preparatory Stage,Mathematics
Searching for a Tutor to learn Networking,"Al Gharafa, Doha",29/09/21,Computer / IT,Networking
Searching for a Tutor to learn Violin,"West Bay, Doha",28/09/21,Music,Violin
Looking for a Piano Tutor,"Aspire, Doha",28/09/21,Music,Piano
Seeking an Arabic Tutor,"Ain Khalid, Doha",28/09/21,Elementary Stage,Arabic
Need a Physical Therapist,"Al Gharafa, Doha",28/09/21,Sports / Fitness Training,Physical Trainers
Looking for a Keyboard Tutor,"All Areas, Doha",28/09/21,Music,Keyboard
Seeking a good Tutor to get prepared for GED,"All Areas, Doha",28/09/21,Language,English
Seeking a good Tutor to get prepared for GED,"All Areas, Doha",28/09/21,GMAT/GRE/TOEFL/IELTS/SAT,GED
Looking for a Piano Tutor,"All Areas, Doha",28/09/21,Music,Piano
Need a Tutor for Networks,"Education City, Doha",28/09/21,Computer / IT,Networking
Require a Lady Arabic Tutor,"All Areas, Doha",28/09/21,Secondary Stage,Arabic
Looking for a Geography Tutor,"Doha, Doha",28/09/21,Higher Education,Geography
Seeking a good Tutor to get prepared for CFA,"Doha City, Doha",28/09/21,GMAT/GRE/TOEFL/IELTS/SAT,Accounting
Seeking a good Tutor to get prepared for CFA,"Doha City, Doha",28/09/21,GMAT/GRE/TOEFL/IELTS/SAT,CFA
Looking for a Tutor for Quantitative Analysis,"The Pearl, Doha",28/09/21,MBA / Business Training,Quantitative Analysis
Searching for a Tutor to learn Computer science/IT,"Education City, Doha",27/09/21,UNIVERSITY,computer science/IT
Looking for a Finance Tutor,"Al Duhail, Doha",27/09/21,Higher Education,Finance
Require a Violin Tutor,"Al Sadd, Doha, Qatar, Doha",27/09/21,Music,Violin
Need a Tutor to Learn Physics,"Fereej Kulaib, Doha",27/09/21,Secondary Stage,Physics
Need a Tutor to Learn Biology,"Fereej Kulaib, Doha",27/09/21,Secondary Stage,Biology
Need a Tutor to Learn Chemistry,"Fereej Kulaib, Doha",27/09/21,Secondary Stage,Chemistry
Want a Physics Tutor,"Al Dafna, Doha",27/09/21,Secondary Stage,Physics
Need a Yoga Tutor,"All Areas, Doha",27/09/21,Sports / Fitness Training,Yoga and Pilates
Want a Mathematics Tutor,"All Areas, Doha",27/09/21,UNIVERSITY,MATHS
Want a good Tutor to get prepared for IELTS,"All Areas, Doha",27/09/21,Language,English
Seeking a good Tutor to get prepared for IELTS,"All Areas, Doha",27/09/21,GMAT/GRE/TOEFL/IELTS/SAT,IELTS
Looking for a Tutor for Digital Communications,"New Salata , Doha, Doha",27/09/21,Engineering Subjects,Electrical
Seeking a Programming Technology Tutor,"All Areas, Doha",27/09/21,Computer / IT,Programming Technology
Looking for a Spanish Language Tutor,"Doha City, Doha",27/09/21,Language,Spanish
Seeking an English Tutor,"All Areas, Doha",27/09/21,Elementary Stage,English
Require a Mathematics Tutor,"Al Sadd, Doha",27/09/21,Elementary Stage,Mathematics
Looking for a Science Tutor,"Al Sadd, Doha",27/09/21,Elementary Stage,Science
Seeking an English Tutor,"Al Sadd, Doha",27/09/21,Elementary Stage,English
Seeking an Economics Tutor,"Al Waab, Doha, Doha",27/09/21,Secondary Stage,Economics
Need a Guitar Tutor,"Fereej Bin Mahmoud, Doha",27/09/21,Music,Guitar
Looking for a Guitar Tutor,"All Areas, Doha",04/12/21,Music,Guitar
Looking for a Hip Hop Dance Tutor,"All Areas, Doha",04/12/21,Dance,Hip Hop Dancing
Looking for a German Language Tutor,"All Areas, Doha",04/12/21,Language,German
Looking for a Computer Tutor,"Abu Hamour, Doha",04/12/21,Engineering Subjects,Computer / IT
Looking for a Computer Science Tutor,"All Areas, Doha",04/12/21,UNIVERSITY,computer science/IT
Looking for a Mathematics Tutor,"Doha City, Doha",04/12/21,Secondary Stage,Mathematics
Seeking an English Tutor,"All Areas, Doha",04/12/21,Language,English
Looking for an Arabic Tutor,"All Areas, Doha",04/12/21,Language,Arabic
Looking for a Keyboard Tutor,"All Areas, Doha",04/12/21,Music,Keyboard
Want a Chemistry Tutor,"All Areas, Doha",03/12/21,Secondary Stage,Chemistry
Looking for a Good Tutor to get prepared for IELTS,"Madinat Khalifa South, Doha, Doha",03/12/21,GMAT/GRE/TOEFL/IELTS/SAT,English
Looking for a Good Tutor to get prepared for IELTS,"Madinat Khalifa South, Doha, Doha",03/12/21,GMAT/GRE/TOEFL/IELTS/SAT,IELTS
Looking for an Applied Mathematics Tutor,"All Areas, Doha",03/12/21,UNIVERSITY,MATHS
Searching for a Mathematics Tutor,"Abu Hamour Street, Doha, Doha",02/12/21,Secondary Stage,Mathematics
Seeking an Islamic Studies Tutor,"Al Markhiya, Doha",02/12/21,Elementary Stage,Islamic Studies
Seeking an Arabic Tutor,"Al Markhiya, Doha",02/12/21,Elementary Stage,Arabic
Looking for an English Language Tutor,"Fereej Bin Omran, Doha, Doha",02/12/21,Secondary Stage,English
Looking for a Russian Language Tutor,"All Areas, Doha",02/12/21,Language,Russian
Searching for a Tutor to learn Business Training,"All Areas, Doha",01/12/21,MBA / Business Training,Business Training
Looking for a Mathematics Tutor,"Al Nuaija, Doha",01/12/21,Secondary Stage,Mathematics
Want a Physics Tutor,"Al Nuaija, Doha",01/12/21,Secondary Stage,Physics
Looking for a Mathematics Tutor,"Doha, Doha",01/12/21,Secondary Stage,Mathematics
Looking for a Chinese Tutor,"All Areas, Doha",01/12/21,Language,Mandarin
Looking for a Sociology Tutor,"All Areas, Doha",01/12/21,Secondary Stage,Sociology
Seeking an English Tutor,"All Areas, Doha",01/12/21,Secondary Stage,English
Looking for a Dance Tutor,"All Areas, Doha",01/12/21,Dance,Hip Hop Dancing
Looking for an Engineering Tutor,"All Areas, Doha",01/12/21,Engineering Subjects,Mechanical
Looking for an Engineering Tutor,"All Areas, Doha",01/12/21,Engineering Subjects,Chemical
Searching for a Tutor to learn History,"Al Rayyan, Doha",30/11/21,Secondary Stage,History
Seeking an Arabic Tutor,"Old Airport, Doha, Doha",30/11/21,Elementary Stage,Arabic
Looking for a Computer Tutor,"All Areas, Doha",30/11/21,Computer / IT,Computer Basics
Looking for a Tally Tutor,"All Areas, Doha",30/11/21,Computer / IT,Tally
Seeking a Dance Tutor,"West Bay, Doha",30/11/21,Dance,Salsa
Seeking an English Tutor,"All Areas, Doha",30/11/21,Secondary Stage,English
Looking for a Mathematics Tutor,"All Areas, Doha",30/11/21,Secondary Stage,Mathematics
Looking for a Business Tutor,"All Areas, Doha",30/11/21,Secondary Stage,Business Studies
Looking for a Business AS Tutor,"Ain Khaled, Doha, Doha",30/11/21,Secondary Stage,Business Studies
Searching for a Tutor to learn Belly Dance,"West Bay, Doha",29/11/21,Dance,Belly Dance
Searching for an Engineering Tutor,"All Areas, Doha",29/11/21,UNIVERSITY,Engineering Subjects
Need a Guitar Tutor,"All Areas, Doha",29/11/21,Music,Guitar
Seeking an Electronics Tutor,"Karwa City, Doha",29/11/21,Engineering Subjects,Electronics
Seeking an English Tutor,"Doha City, Doha",29/11/21,Secondary Stage,English literature
Looking for a Oud Tutor,"The Pearl, Doha",29/11/21,Music,Oud
Require a Mathematics Tutor,"All Areas, Doha",29/11/21,Early Childhood,MATHS
Looking for a Voice Coach,"Doha City, Doha",29/11/21,Music,Singing
Need a Piano Tutor,"All Areas, Doha",29/11/21,Music,Piano
Searching for a Tutor to learn Mathematics,"Madinat Khalifa, Doha",28/11/21,Elementary Stage,Mathematics
Searching for a Tutor to learn Russian,"Doha City, Doha",28/11/21,Language,Russian
Seeking an English Tutor,"Old Airport, Doha",28/11/21,Secondary Stage,English
Looking for a Mathematics Tutor,"All Areas, Doha",28/11/21,Elementary Stage,Mathematics
Seeking an English Tutor,"All Areas, Doha",28/11/21,Elementary Stage,English
Looking for a Statistics Tutor,"All Areas, Doha",28/11/21,UNIVERSITY,Statistics
Looking for a Science Tutor,"Doha City, Doha",28/11/21,Elementary Stage,Science
Looking for a Mathematics Tutor,"Doha City, Doha",28/11/21,Elementary Stage,Mathematics
Seeking an English Tutor,"Doha City, Doha",28/11/21,Elementary Stage,English
Looking for a Science Tutor,"All Areas, Doha",27/11/21,Preparatory Stage,Sciences
Looking for a Mathematics Tutor,"All Areas, Doha",27/11/21,Preparatory Stage,Mathematics
Seeking a Piano Tutor,"All Areas, Doha",27/11/21,Music,Piano
Need a Piano Tutor,"All Areas, Doha",27/11/21,Music,Piano
Looking for a Guitar Tutor,"All Areas, Doha",27/11/21,Music,Guitar
Looking for a Good Tutor to get prepared for DELF,"All Areas, Doha",27/11/21,Language,French
Looking for a Good Tutor to get prepared for DELF,"All Areas, Doha",27/11/21,GMAT/GRE/TOEFL/IELTS/SAT,DELF Exam
Seeking a Business Tutor,"All Areas, Doha",27/11/21,UNIVERSITY,Business Studies
Seeking a Business Tutor,"All Areas, Doha",27/11/21,MBA / Business Training,Business Training
Require a Mathematics Tutor,"Musherib, Doha",27/11/21,Early Childhood,MATHS
Searching for a Tutor to learn Python Programming,"Al Duhail, Doha",01/12/21,Computer / IT,Python Programming
Looking for an Arabic Language Tutor,"All Areas, Doha",27/11/21,Language,Arabic
Searching for a Tutor to learn Arabic,"Near Doha Sports Stadium, Doha",06/12/21,Language,Arabic
Want a Piano Tutor,"All Areas, Doha",06/12/21,Music,Piano
Seeking a Biology Tutor,"Ain Khaled, Doha, Doha",06/12/21,Secondary Stage,Biology
Looking for a Yoga Coach,"All Areas, Doha",06/12/21,Sports / Fitness Training,Yoga and Pilates
Looking for a Guitar Tutor,"All Areas, Doha",06/12/21,Music,Guitar
Looking for a Statistics Tutor,"All Areas, Doha",06/12/21,Secondary Stage,Statistics
Need a Piano Tutor,"All Areas, Doha",06/12/21,Music,Piano
Want a Physics Tutor,"All Areas, Doha",06/12/21,Secondary Stage,Physics
Searching for a Mathematics Tutor,"All Areas, Doha",06/12/21,Secondary Stage,Mathematics
Looking for an Economics Tutor,"All Areas, Doha",06/12/21,Secondary Stage,Economics
Looking for a Computer Science Tutor,"All Areas, Doha",06/12/21,UNIVERSITY,computer science/IT
Seeking a Physics Tutor,"Al Thumama, Doha",06/12/21,Secondary Stage,Physics
Seeking an English Tutor,"All Areas, Doha",06/12/21,Elementary Stage,English
Want a Physics Tutor,"Al Muntazah, Doha, Doha",06/12/21,Secondary Stage,Physics
Searching for a Tutor to learn Mathematics,", Doha",06/12/21,Secondary Stage,Mathematics
Searching for a Tutor to learn GRE,"Airport Road, Doha",05/12/21,GMAT/GRE/TOEFL/IELTS/SAT,GRE
Searching for a Tutor to learn Spanish,"Old Airport, Doha",05/12/21,Language,Spanish
Need a Tutor for Making Websites and Applications,"Doha City, Doha",05/12/21,Computer / IT,Website design
Looking for a Piano Tutor,"All Areas, Doha",05/12/21,Music,Piano
Require a Law Tutor,"Doha City, Doha",05/12/21,UNIVERSITY,Law
Searching for a French Tutor,"All Areas, Doha",09/12/21,Language,French
Looking for a French Tutor,"All Areas, Doha",09/12/21,Language,French
Need a Tutor for Mathematics,"All Areas, Doha",09/12/21,Elementary Stage,Mathematics
Need a Tutor for English,"All Areas, Doha",09/12/21,Elementary Stage,English
Looking for a Tutor for SAS Certifications,"All Areas, Doha",09/12/21,Computer / IT,SAS Certifications
Looking for a Mathematics Tutor,"Doha, Doha",08/12/21,Secondary Stage,Mathematics
Seeking an Arabic Tutor,"Al Jadeeda, Doha",08/12/21,Language,Arabic
Looking for a Mathematics Tutor,"Al Thumama, Doha",08/12/21,Secondary Stage,Mathematics
Looking for a Computer Science Tutor,"All Areas, Doha",08/12/21,UNIVERSITY,computer science/IT
Looking for a Mathematics Tutor,"Madinat Khalifa, Doha",08/12/21,Elementary Stage,Mathematics
Seeking an English Tutor,"Madinat Khalifa, Doha",08/12/21,Elementary Stage,English
Looking for a Social Studies Tutor,"Al Markhiya, Doha",08/12/21,Secondary Stage,Social Studies
Need a Tutor to Learn Mathematics,"All Areas, Doha",08/12/21,Elementary Stage,Mathematics
Need a Tutor to Learn Science,"All Areas, Doha",08/12/21,Elementary Stage,Science
Need a Tutor to Learn English,"All Areas, Doha",08/12/21,Elementary Stage,English
Require a Mathematics Tutor,"Al Markhiya, Doha",08/12/21,UNIVERSITY,MATHS
Searching for a Tutor to learn Swimming,"Al Waab, Doha",08/12/21,Sports / Fitness Training,Swimming
Searching for a Tutor to learn Arabic,"The Pearl, Doha",07/12/21,Language,Arabic
Searching for a Tutor to learn Mathematics,"Ain Khalid, Doha",07/12/21,Preparatory Stage,Mathematics
Looking for a Spanish Language Tutor,"All Areas, Doha",07/12/21,Language,Spanish
Seeking an English Tutor,"Al Murour, Doha",07/12/21,Language,English
Looking for a Saxophone Tutor,"All Areas, Doha",07/12/21,Music,Saxophone
Looking for a Guitar Tutor,"All Areas, Doha",07/12/21,Music,Guitar
Looking for a Good Tutor to get prepared for IELTS,"All Areas, Doha",07/12/21,Language,English
Looking for a Good Tutor to get prepared for IELTS,"All Areas, Doha",07/12/21,GMAT/GRE/TOEFL/IELTS/SAT,IELTS
Seeking a Dance Tutor,"All Areas, Doha",07/12/21,Dance,Zouk
Need a Tutor to Learn English,"Old Airport, Doha",07/12/21,Elementary Stage,English
Need a Tutor to Learn Mathematics,"Old Airport, Doha",07/12/21,Elementary Stage,Mathematics
Require a Statistics Tutor,"Al Thumama, Doha",07/12/21,UNIVERSITY,Statistics
Require a MATHS Tutor,"Al Thumama, Doha",07/12/21,UNIVERSITY,MATHS
